<?xml version="1.0" encoding="UTF-8" standalone="yes"?>
<rest-connector xmlns="http://www.softwareag.com/cloudstreams/metadata/handler/model" id="ynab_oauth" version="1.0" name="YNAB_OAuth" displayName="YNAB_OAuth">
    <connections>
        <connection type="sagcloud" name="YNABOAuthconnection" displayName="YNABOAuthconnection">
            <groups>
                <group type="connection" name="connection" displayName="Connection">
                    <description>Define the required connection configurations to initiate communication with the SaaS provider.</description>
                    <fields>
                        <field isRequired="false" isEncrypted="false" isHidden="false" isArray="false" defaultValue="https://api.youneedabudget.com/v1" name="cn.providerUrl" displayName="Server URL">
                            <description>The native provider endpoint target for the connection configuration</description>
                        </field>
                    </fields>
                </group>
                <group type="oauth_v20_authorization_code" name="oauth_v20_authorization_code" displayName="OAuth V2.0 (Authorization Code Flow)">
                    <description>Define the configurations needed for generating tokens using the Authorization Code flow.</description>
                    <fields>
                        <field isRequired="true" isEncrypted="false" isHidden="false" isArray="false" defaultValue="https://app.youneedabudget.com/oauth/authorize" name="oauth_v20.authorizationServerUrl" displayName="Authorization Server URL">
                            <description>Authorization Server URL</description>
                        </field>
                        <field isRequired="true" isEncrypted="false" isHidden="false" isArray="false" defaultValue="https://app.youneedabudget.com/oauth/token" name="oauth_v20.authenticationServerUrl" displayName="Authentication Server URL">
                            <description>Authentication Server URL</description>
                        </field>
                        <field isRequired="false" isEncrypted="false" isHidden="false" isArray="false" defaultValue="https://api.youneedabudget.com/v1" name="oauth_v20.instanceURL" displayName="Instance URL">
                            <description>OAuth V2.0 instance url</description>
                        </field>
                        <field isRequired="false" isEncrypted="false" isHidden="false" isArray="false" defaultValue="https://app.youneedabudget.com/oauth/token" name="oauth_v20.accessTokenRefreshURL" displayName="Refresh URL">
                            <description>URL for the OAuth V2.0 token refresh request</description>
                        </field>
                        <field isRequired="false" isEncrypted="false" isHidden="false" isArray="false" defaultValue="URL Query String" name="oauth_v20.accessTokenRefreshURLRequest" displayName="Refresh URL Request">
                            <description>Option for sending parameters within the OAuth V2.0 token refresh HTTP POST request, either as query parameters, or body parameters, or as determined by a custom ESB service.</description>
                        </field>
                    </fields>
                </group>
            </groups>
        </connection>
    </connections>
    <services>
        <service xmlns:xsi="http://www.w3.org/2001/XMLSchema-instance" xsi:type="RESTServiceType" endpoint="${cn.providerUrl}" name="ynaboauthservice" displayName="ynaboauthservice">
            <documentModel packageName="." nsName="ynab_oauth.ynaboauthservice.doctypes" useInlineModel="true"/>
            <resources>
                <mappings/>
                <resource method="GET" path="/budgets/{budget_id}/months/{month}" type="SIMPLE" name="getBudgetMonth" displayName="Single budget month">
                    <description>Returns a single budget month</description>
                    <mappings>
                        <map context="OUT" name="getBudgetMonthMappingOUT0">
                            <source type="LITERAL">application/json</source>
                            <target type="HEADER">Content-Type</target>
                        </map>
                    </mappings>
                    <parameters>
                        <parameter name="budget_id" isRequired="true" style="URI_CONTEXT" dataType="String"/>
                        <parameter name="month" isRequired="true" style="URI_CONTEXT" dataType="String"/>
                    </parameters>
                    <responses>
                        <response name="get200getBudgetMonthResponse" code="200" messageFormatterType="application/octet+idataoref" builderType="application/json" documentRef="ynab_oauth.ynaboauthservice.doctypes:MonthDetailResponse" excludeRoot="true" dimension="0"/>
                        <response name="get404getBudgetMonthResponse" code="404" messageFormatterType="application/octet+idataoref" builderType="application/json" documentRef="ynab_oauth.ynaboauthservice.doctypes:ErrorResponse" excludeRoot="true" dimension="0"/>
                        <response name="getdefaultgetBudgetMonthResponse" code="405-599" messageFormatterType="application/octet+idataoref" builderType="application/json" documentRef="ynab_oauth.ynaboauthservice.doctypes:ErrorResponse" excludeRoot="true" dimension="0"/>
                    </responses>
                </resource>
                <resource method="GET" path="/user" type="SIMPLE" name="getUser" displayName="User info">
                    <description>Returns authenticated user information</description>
                    <mappings>
                        <map context="OUT" name="getUserMappingOUT0">
                            <source type="LITERAL">application/json</source>
                            <target type="HEADER">Content-Type</target>
                        </map>
                    </mappings>
                    <parameters/>
                    <responses>
                        <response name="get200getUserResponse" code="200" messageFormatterType="application/octet+idataoref" builderType="application/json" documentRef="ynab_oauth.ynaboauthservice.doctypes:UserResponse" excludeRoot="true" dimension="0"/>
                        <response name="getdefaultgetUserResponse" code="201-599" messageFormatterType="application/octet+idataoref" builderType="application/json" documentRef="ynab_oauth.ynaboauthservice.doctypes:ErrorResponse" excludeRoot="true" dimension="0"/>
                    </responses>
                </resource>
                <resource method="GET" path="/budgets/{budget_id}/accounts/{account_id}" type="SIMPLE" name="getAccountById" displayName="Single account">
                    <description>Returns a single account</description>
                    <mappings>
                        <map context="OUT" name="getAccountByIdMappingOUT0">
                            <source type="LITERAL">application/json</source>
                            <target type="HEADER">Content-Type</target>
                        </map>
                    </mappings>
                    <parameters>
                        <parameter name="budget_id" isRequired="true" style="URI_CONTEXT" dataType="String"/>
                        <parameter name="account_id" isRequired="true" style="URI_CONTEXT" dataType="String"/>
                    </parameters>
                    <responses>
                        <response name="get200getAccountByIdResponse" code="200" messageFormatterType="application/octet+idataoref" builderType="application/json" documentRef="ynab_oauth.ynaboauthservice.doctypes:AccountResponse" excludeRoot="true" dimension="0"/>
                        <response name="get404getAccountByIdResponse" code="404" messageFormatterType="application/octet+idataoref" builderType="application/json" documentRef="ynab_oauth.ynaboauthservice.doctypes:ErrorResponse" excludeRoot="true" dimension="0"/>
                        <response name="getdefaultgetAccountByIdResponse" code="405-599" messageFormatterType="application/octet+idataoref" builderType="application/json" documentRef="ynab_oauth.ynaboauthservice.doctypes:ErrorResponse" excludeRoot="true" dimension="0"/>
                    </responses>
                </resource>
                <resource method="GET" path="/budgets/{budget_id}/payees/{payee_id}" type="SIMPLE" name="getPayeeById" displayName="Single payee">
                    <description>Returns a single payee</description>
                    <mappings>
                        <map context="OUT" name="getPayeeByIdMappingOUT0">
                            <source type="LITERAL">application/json</source>
                            <target type="HEADER">Content-Type</target>
                        </map>
                    </mappings>
                    <parameters>
                        <parameter name="budget_id" isRequired="true" style="URI_CONTEXT" dataType="String"/>
                        <parameter name="payee_id" isRequired="true" style="URI_CONTEXT" dataType="String"/>
                    </parameters>
                    <responses>
                        <response name="get200getPayeeByIdResponse" code="200" messageFormatterType="application/octet+idataoref" builderType="application/json" documentRef="ynab_oauth.ynaboauthservice.doctypes:PayeeResponse" excludeRoot="true" dimension="0"/>
                        <response name="get404getPayeeByIdResponse" code="404" messageFormatterType="application/octet+idataoref" builderType="application/json" documentRef="ynab_oauth.ynaboauthservice.doctypes:ErrorResponse" excludeRoot="true" dimension="0"/>
                        <response name="getdefaultgetPayeeByIdResponse" code="405-599" messageFormatterType="application/octet+idataoref" builderType="application/json" documentRef="ynab_oauth.ynaboauthservice.doctypes:ErrorResponse" excludeRoot="true" dimension="0"/>
                    </responses>
                </resource>
                <resource method="GET" path="/budgets/{budget_id}/categories" type="SIMPLE" name="getCategories" displayName="List categories">
                    <description>Returns all categories grouped by category group.  Amounts (budgeted, activity, balance, etc.) are specific to the current budget month (UTC).</description>
                    <mappings>
                        <map context="OUT" name="getCategoriesMappingOUT0">
                            <source type="LITERAL">application/json</source>
                            <target type="HEADER">Content-Type</target>
                        </map>
                    </mappings>
                    <parameters>
                        <parameter name="budget_id" isRequired="true" style="URI_CONTEXT" dataType="String"/>
                        <parameter name="last_knowledge_of_server" style="QUERYSTRING_PARAM" dataType="String"/>
                    </parameters>
                    <responses>
                        <response name="get200getCategoriesResponse" code="200" messageFormatterType="application/octet+idataoref" builderType="application/json" documentRef="ynab_oauth.ynaboauthservice.doctypes:CategoriesResponse" excludeRoot="true" dimension="0"/>
                        <response name="get404getCategoriesResponse" code="404" messageFormatterType="application/octet+idataoref" builderType="application/json" documentRef="ynab_oauth.ynaboauthservice.doctypes:ErrorResponse" excludeRoot="true" dimension="0"/>
                        <response name="getdefaultgetCategoriesResponse" code="405-599" messageFormatterType="application/octet+idataoref" builderType="application/json" documentRef="ynab_oauth.ynaboauthservice.doctypes:ErrorResponse" excludeRoot="true" dimension="0"/>
                    </responses>
                </resource>
                <resource method="GET" path="/budgets/{budget_id}/accounts/{account_id}/transactions" type="SIMPLE" name="getTransactionsByAccount" displayName="List account transactions">
                    <description>Returns all transactions for a specified account</description>
                    <mappings>
                        <map context="OUT" name="getTransactionsByAccountMappingOUT0">
                            <source type="LITERAL">application/json</source>
                            <target type="HEADER">Content-Type</target>
                        </map>
                    </mappings>
                    <parameters>
                        <parameter name="budget_id" isRequired="true" style="URI_CONTEXT" dataType="String"/>
                        <parameter name="account_id" isRequired="true" style="URI_CONTEXT" dataType="String"/>
                        <parameter name="since_date" style="QUERYSTRING_PARAM" dataType="String"/>
                        <parameter name="type" style="QUERYSTRING_PARAM" dataType="String"/>
                        <parameter name="last_knowledge_of_server" style="QUERYSTRING_PARAM" dataType="String"/>
                    </parameters>
                    <responses>
                        <response name="get200getTransactionsByAccountResponse" code="200" messageFormatterType="application/octet+idataoref" builderType="application/json" documentRef="ynab_oauth.ynaboauthservice.doctypes:TransactionsResponse" excludeRoot="true" dimension="0"/>
                        <response name="get404getTransactionsByAccountResponse" code="404" messageFormatterType="application/octet+idataoref" builderType="application/json" documentRef="ynab_oauth.ynaboauthservice.doctypes:ErrorResponse" excludeRoot="true" dimension="0"/>
                        <response name="getdefaultgetTransactionsByAccountResponse" code="405-599" messageFormatterType="application/octet+idataoref" builderType="application/json" documentRef="ynab_oauth.ynaboauthservice.doctypes:ErrorResponse" excludeRoot="true" dimension="0"/>
                    </responses>
                </resource>
                <resource method="GET" path="/budgets/{budget_id}/scheduled_transactions/{scheduled_transaction_id}" type="SIMPLE" name="getScheduledTransactionById" displayName="Single scheduled transaction">
                    <description>Returns a single scheduled transaction</description>
                    <mappings>
                        <map context="OUT" name="getScheduledTransactionByIdMappingOUT0">
                            <source type="LITERAL">application/json</source>
                            <target type="HEADER">Content-Type</target>
                        </map>
                    </mappings>
                    <parameters>
                        <parameter name="budget_id" isRequired="true" style="URI_CONTEXT" dataType="String"/>
                        <parameter name="scheduled_transaction_id" isRequired="true" style="URI_CONTEXT" dataType="String"/>
                    </parameters>
                    <responses>
                        <response name="get200getScheduledTransactionByIdResponse" code="200" messageFormatterType="application/octet+idataoref" builderType="application/json" documentRef="ynab_oauth.ynaboauthservice.doctypes:ScheduledTransactionResponse" excludeRoot="true" dimension="0"/>
                        <response name="get404getScheduledTransactionByIdResponse" code="404" messageFormatterType="application/octet+idataoref" builderType="application/json" documentRef="ynab_oauth.ynaboauthservice.doctypes:ErrorResponse" excludeRoot="true" dimension="0"/>
                        <response name="getdefaultgetScheduledTransactionByIdResponse" code="405-599" messageFormatterType="application/octet+idataoref" builderType="application/json" documentRef="ynab_oauth.ynaboauthservice.doctypes:ErrorResponse" excludeRoot="true" dimension="0"/>
                    </responses>
                </resource>
                <resource method="GET" path="/budgets/{budget_id}/payees/{payee_id}/payee_locations" type="SIMPLE" name="getPayeeLocationsByPayee" displayName="List locations for a payee">
                    <description>Returns all payee locations for a specified payee</description>
                    <mappings>
                        <map context="OUT" name="getPayeeLocationsByPayeeMappingOUT0">
                            <source type="LITERAL">application/json</source>
                            <target type="HEADER">Content-Type</target>
                        </map>
                    </mappings>
                    <parameters>
                        <parameter name="budget_id" isRequired="true" style="URI_CONTEXT" dataType="String"/>
                        <parameter name="payee_id" isRequired="true" style="URI_CONTEXT" dataType="String"/>
                    </parameters>
                    <responses>
                        <response name="get200getPayeeLocationsByPayeeResponse" code="200" messageFormatterType="application/octet+idataoref" builderType="application/json" documentRef="ynab_oauth.ynaboauthservice.doctypes:PayeeLocationsResponse" excludeRoot="true" dimension="0"/>
                        <response name="get404getPayeeLocationsByPayeeResponse" code="404" messageFormatterType="application/octet+idataoref" builderType="application/json" documentRef="ynab_oauth.ynaboauthservice.doctypes:ErrorResponse" excludeRoot="true" dimension="0"/>
                        <response name="getdefaultgetPayeeLocationsByPayeeResponse" code="405-599" messageFormatterType="application/octet+idataoref" builderType="application/json" documentRef="ynab_oauth.ynaboauthservice.doctypes:ErrorResponse" excludeRoot="true" dimension="0"/>
                    </responses>
                </resource>
                <resource method="GET" path="/budgets/{budget_id}/months" type="SIMPLE" name="getBudgetMonths" displayName="List budget months">
                    <description>Returns all budget months</description>
                    <mappings>
                        <map context="OUT" name="getBudgetMonthsMappingOUT0">
                            <source type="LITERAL">application/json</source>
                            <target type="HEADER">Content-Type</target>
                        </map>
                    </mappings>
                    <parameters>
                        <parameter name="budget_id" isRequired="true" style="URI_CONTEXT" dataType="String"/>
                        <parameter name="last_knowledge_of_server" style="QUERYSTRING_PARAM" dataType="String"/>
                    </parameters>
                    <responses>
                        <response name="get200getBudgetMonthsResponse" code="200" messageFormatterType="application/octet+idataoref" builderType="application/json" documentRef="ynab_oauth.ynaboauthservice.doctypes:MonthSummariesResponse" excludeRoot="true" dimension="0"/>
                        <response name="get404getBudgetMonthsResponse" code="404" messageFormatterType="application/octet+idataoref" builderType="application/json" documentRef="ynab_oauth.ynaboauthservice.doctypes:ErrorResponse" excludeRoot="true" dimension="0"/>
                        <response name="getdefaultgetBudgetMonthsResponse" code="405-599" messageFormatterType="application/octet+idataoref" builderType="application/json" documentRef="ynab_oauth.ynaboauthservice.doctypes:ErrorResponse" excludeRoot="true" dimension="0"/>
                    </responses>
                </resource>
                <resource method="GET" path="/budgets/{budget_id}/payee_locations/{payee_location_id}" type="SIMPLE" name="getPayeeLocationById" displayName="Single payee location">
                    <description>Returns a single payee location</description>
                    <mappings>
                        <map context="OUT" name="getPayeeLocationByIdMappingOUT0">
                            <source type="LITERAL">application/json</source>
                            <target type="HEADER">Content-Type</target>
                        </map>
                    </mappings>
                    <parameters>
                        <parameter name="budget_id" isRequired="true" style="URI_CONTEXT" dataType="String"/>
                        <parameter name="payee_location_id" isRequired="true" style="URI_CONTEXT" dataType="String"/>
                    </parameters>
                    <responses>
                        <response name="get200getPayeeLocationByIdResponse" code="200" messageFormatterType="application/octet+idataoref" builderType="application/json" documentRef="ynab_oauth.ynaboauthservice.doctypes:PayeeLocationResponse" excludeRoot="true" dimension="0"/>
                        <response name="get404getPayeeLocationByIdResponse" code="404" messageFormatterType="application/octet+idataoref" builderType="application/json" documentRef="ynab_oauth.ynaboauthservice.doctypes:ErrorResponse" excludeRoot="true" dimension="0"/>
                        <response name="getdefaultgetPayeeLocationByIdResponse" code="405-599" messageFormatterType="application/octet+idataoref" builderType="application/json" documentRef="ynab_oauth.ynaboauthservice.doctypes:ErrorResponse" excludeRoot="true" dimension="0"/>
                    </responses>
                </resource>
                <resource method="GET" path="/budgets/{budget_id}/payees" type="SIMPLE" name="getPayees" displayName="List payees">
                    <description>Returns all payees</description>
                    <mappings>
                        <map context="OUT" name="getPayeesMappingOUT0">
                            <source type="LITERAL">application/json</source>
                            <target type="HEADER">Content-Type</target>
                        </map>
                    </mappings>
                    <parameters>
                        <parameter name="budget_id" isRequired="true" style="URI_CONTEXT" dataType="String"/>
                        <parameter name="last_knowledge_of_server" style="QUERYSTRING_PARAM" dataType="String"/>
                    </parameters>
                    <responses>
                        <response name="get200getPayeesResponse" code="200" messageFormatterType="application/octet+idataoref" builderType="application/json" documentRef="ynab_oauth.ynaboauthservice.doctypes:PayeesResponse" excludeRoot="true" dimension="0"/>
                        <response name="get404getPayeesResponse" code="404" messageFormatterType="application/octet+idataoref" builderType="application/json" documentRef="ynab_oauth.ynaboauthservice.doctypes:ErrorResponse" excludeRoot="true" dimension="0"/>
                        <response name="getdefaultgetPayeesResponse" code="405-599" messageFormatterType="application/octet+idataoref" builderType="application/json" documentRef="ynab_oauth.ynaboauthservice.doctypes:ErrorResponse" excludeRoot="true" dimension="0"/>
                    </responses>
                </resource>
                <resource method="GET" path="/budgets/{budget_id}/categories/{category_id}/transactions" type="SIMPLE" name="getTransactionsByCategory" displayName="List category transactions">
                    <description>Returns all transactions for a specified category</description>
                    <mappings>
                        <map context="OUT" name="getTransactionsByCategoryMappingOUT0">
                            <source type="LITERAL">application/json</source>
                            <target type="HEADER">Content-Type</target>
                        </map>
                    </mappings>
                    <parameters>
                        <parameter name="budget_id" isRequired="true" style="URI_CONTEXT" dataType="String"/>
                        <parameter name="category_id" isRequired="true" style="URI_CONTEXT" dataType="String"/>
                        <parameter name="since_date" style="QUERYSTRING_PARAM" dataType="String"/>
                        <parameter name="type" style="QUERYSTRING_PARAM" dataType="String"/>
                        <parameter name="last_knowledge_of_server" style="QUERYSTRING_PARAM" dataType="String"/>
                    </parameters>
                    <responses>
                        <response name="get200getTransactionsByCategoryResponse" code="200" messageFormatterType="application/octet+idataoref" builderType="application/json" documentRef="ynab_oauth.ynaboauthservice.doctypes:HybridTransactionsResponse" excludeRoot="true" dimension="0"/>
                        <response name="get404getTransactionsByCategoryResponse" code="404" messageFormatterType="application/octet+idataoref" builderType="application/json" documentRef="ynab_oauth.ynaboauthservice.doctypes:ErrorResponse" excludeRoot="true" dimension="0"/>
                        <response name="getdefaultgetTransactionsByCategoryResponse" code="405-599" messageFormatterType="application/octet+idataoref" builderType="application/json" documentRef="ynab_oauth.ynaboauthservice.doctypes:ErrorResponse" excludeRoot="true" dimension="0"/>
                    </responses>
                </resource>
                <resource method="GET" path="/budgets/{budget_id}/settings" type="SIMPLE" name="getBudgetSettingsById" displayName="Budget Settings">
                    <description>Returns settings for a budget</description>
                    <mappings>
                        <map context="OUT" name="getBudgetSettingsByIdMappingOUT0">
                            <source type="LITERAL">application/json</source>
                            <target type="HEADER">Content-Type</target>
                        </map>
                    </mappings>
                    <parameters>
                        <parameter name="budget_id" isRequired="true" style="URI_CONTEXT" dataType="String"/>
                    </parameters>
                    <responses>
                        <response name="get200getBudgetSettingsByIdResponse" code="200" messageFormatterType="application/octet+idataoref" builderType="application/json" documentRef="ynab_oauth.ynaboauthservice.doctypes:BudgetSettingsResponse" excludeRoot="true" dimension="0"/>
                        <response name="get404getBudgetSettingsByIdResponse" code="404" messageFormatterType="application/octet+idataoref" builderType="application/json" documentRef="ynab_oauth.ynaboauthservice.doctypes:ErrorResponse" excludeRoot="true" dimension="0"/>
                        <response name="getdefaultgetBudgetSettingsByIdResponse" code="405-599" messageFormatterType="application/octet+idataoref" builderType="application/json" documentRef="ynab_oauth.ynaboauthservice.doctypes:ErrorResponse" excludeRoot="true" dimension="0"/>
                    </responses>
                </resource>
                <resource method="GET" path="/budgets/{budget_id}/accounts" type="SIMPLE" name="getAccounts" displayName="Account list">
                    <description>Returns all accounts</description>
                    <mappings>
                        <map context="OUT" name="getAccountsMappingOUT0">
                            <source type="LITERAL">application/json</source>
                            <target type="HEADER">Content-Type</target>
                        </map>
                    </mappings>
                    <parameters>
                        <parameter name="budget_id" isRequired="true" style="URI_CONTEXT" dataType="String"/>
                        <parameter name="last_knowledge_of_server" style="QUERYSTRING_PARAM" dataType="String"/>
                    </parameters>
                    <responses>
                        <response name="get200getAccountsResponse" code="200" messageFormatterType="application/octet+idataoref" builderType="application/json" documentRef="ynab_oauth.ynaboauthservice.doctypes:AccountsResponse" excludeRoot="true" dimension="0"/>
                        <response name="get404getAccountsResponse" code="404" messageFormatterType="application/octet+idataoref" builderType="application/json" documentRef="ynab_oauth.ynaboauthservice.doctypes:ErrorResponse" excludeRoot="true" dimension="0"/>
                        <response name="getdefaultgetAccountsResponse" code="405-599" messageFormatterType="application/octet+idataoref" builderType="application/json" documentRef="ynab_oauth.ynaboauthservice.doctypes:ErrorResponse" excludeRoot="true" dimension="0"/>
                    </responses>
                </resource>
                <resource method="GET" path="/budgets/{budget_id}/payee_locations" type="SIMPLE" name="getPayeeLocations" displayName="List payee locations">
                    <description>Returns all payee locations</description>
                    <mappings>
                        <map context="OUT" name="getPayeeLocationsMappingOUT0">
                            <source type="LITERAL">application/json</source>
                            <target type="HEADER">Content-Type</target>
                        </map>
                    </mappings>
                    <parameters>
                        <parameter name="budget_id" isRequired="true" style="URI_CONTEXT" dataType="String"/>
                    </parameters>
                    <responses>
                        <response name="get200getPayeeLocationsResponse" code="200" messageFormatterType="application/octet+idataoref" builderType="application/json" documentRef="ynab_oauth.ynaboauthservice.doctypes:PayeeLocationsResponse" excludeRoot="true" dimension="0"/>
                        <response name="get404getPayeeLocationsResponse" code="404" messageFormatterType="application/octet+idataoref" builderType="application/json" documentRef="ynab_oauth.ynaboauthservice.doctypes:ErrorResponse" excludeRoot="true" dimension="0"/>
                        <response name="getdefaultgetPayeeLocationsResponse" code="405-599" messageFormatterType="application/octet+idataoref" builderType="application/json" documentRef="ynab_oauth.ynaboauthservice.doctypes:ErrorResponse" excludeRoot="true" dimension="0"/>
                    </responses>
                </resource>
                <resource method="GET" path="/budgets/{budget_id}/scheduled_transactions" type="SIMPLE" name="getScheduledTransactions" displayName="List scheduled transactions">
                    <description>Returns all scheduled transactions</description>
                    <mappings>
                        <map context="OUT" name="getScheduledTransactionsMappingOUT0">
                            <source type="LITERAL">application/json</source>
                            <target type="HEADER">Content-Type</target>
                        </map>
                    </mappings>
                    <parameters>
                        <parameter name="budget_id" isRequired="true" style="URI_CONTEXT" dataType="String"/>
                        <parameter name="last_knowledge_of_server" style="QUERYSTRING_PARAM" dataType="String"/>
                    </parameters>
                    <responses>
                        <response name="get200getScheduledTransactionsResponse" code="200" messageFormatterType="application/octet+idataoref" builderType="application/json" documentRef="ynab_oauth.ynaboauthservice.doctypes:ScheduledTransactionsResponse" excludeRoot="true" dimension="0"/>
                        <response name="get404getScheduledTransactionsResponse" code="404" messageFormatterType="application/octet+idataoref" builderType="application/json" documentRef="ynab_oauth.ynaboauthservice.doctypes:ErrorResponse" excludeRoot="true" dimension="0"/>
                        <response name="getdefaultgetScheduledTransactionsResponse" code="405-599" messageFormatterType="application/octet+idataoref" builderType="application/json" documentRef="ynab_oauth.ynaboauthservice.doctypes:ErrorResponse" excludeRoot="true" dimension="0"/>
                    </responses>
                </resource>
                <resource method="GET" path="/budgets/{budget_id}/months/{month}/categories/{category_id}" type="SIMPLE" name="getMonthCategoryById" displayName="Single category for a specific budget month">
                    <description>Returns a single category for a specific budget month.  Amounts (budgeted, activity, balance, etc.) are specific to the current budget month (UTC).</description>
                    <mappings>
                        <map context="OUT" name="getMonthCategoryByIdMappingOUT0">
                            <source type="LITERAL">application/json</source>
                            <target type="HEADER">Content-Type</target>
                        </map>
                    </mappings>
                    <parameters>
                        <parameter name="budget_id" isRequired="true" style="URI_CONTEXT" dataType="String"/>
                        <parameter name="month" isRequired="true" style="URI_CONTEXT" dataType="String"/>
                        <parameter name="category_id" isRequired="true" style="URI_CONTEXT" dataType="String"/>
                    </parameters>
                    <responses>
                        <response name="get200getMonthCategoryByIdResponse" code="200" messageFormatterType="application/octet+idataoref" builderType="application/json" documentRef="ynab_oauth.ynaboauthservice.doctypes:CategoryResponse" excludeRoot="true" dimension="0"/>
                        <response name="get404getMonthCategoryByIdResponse" code="404" messageFormatterType="application/octet+idataoref" builderType="application/json" documentRef="ynab_oauth.ynaboauthservice.doctypes:ErrorResponse" excludeRoot="true" dimension="0"/>
                        <response name="getdefaultgetMonthCategoryByIdResponse" code="405-599" messageFormatterType="application/octet+idataoref" builderType="application/json" documentRef="ynab_oauth.ynaboauthservice.doctypes:ErrorResponse" excludeRoot="true" dimension="0"/>
                    </responses>
                </resource>
                <resource method="GET" path="/budgets/{budget_id}/payees/{payee_id}/transactions" type="SIMPLE" name="getTransactionsByPayee" displayName="List payee transactions">
                    <description>Returns all transactions for a specified payee</description>
                    <mappings>
                        <map context="OUT" name="getTransactionsByPayeeMappingOUT0">
                            <source type="LITERAL">application/json</source>
                            <target type="HEADER">Content-Type</target>
                        </map>
                    </mappings>
                    <parameters>
                        <parameter name="budget_id" isRequired="true" style="URI_CONTEXT" dataType="String"/>
                        <parameter name="payee_id" isRequired="true" style="URI_CONTEXT" dataType="String"/>
                        <parameter name="since_date" style="QUERYSTRING_PARAM" dataType="String"/>
                        <parameter name="type" style="QUERYSTRING_PARAM" dataType="String"/>
                        <parameter name="last_knowledge_of_server" style="QUERYSTRING_PARAM" dataType="String"/>
                    </parameters>
                    <responses>
                        <response name="get200getTransactionsByPayeeResponse" code="200" messageFormatterType="application/octet+idataoref" builderType="application/json" documentRef="ynab_oauth.ynaboauthservice.doctypes:HybridTransactionsResponse" excludeRoot="true" dimension="0"/>
                        <response name="get404getTransactionsByPayeeResponse" code="404" messageFormatterType="application/octet+idataoref" builderType="application/json" documentRef="ynab_oauth.ynaboauthservice.doctypes:ErrorResponse" excludeRoot="true" dimension="0"/>
                        <response name="getdefaultgetTransactionsByPayeeResponse" code="405-599" messageFormatterType="application/octet+idataoref" builderType="application/json" documentRef="ynab_oauth.ynaboauthservice.doctypes:ErrorResponse" excludeRoot="true" dimension="0"/>
                    </responses>
                </resource>
                <resource method="GET" path="/budgets/{budget_id}/categories/{category_id}" type="SIMPLE" name="getCategoryById" displayName="Single category">
                    <description>Returns a single category.  Amounts (budgeted, activity, balance, etc.) are specific to the current budget month (UTC).</description>
                    <mappings>
                        <map context="OUT" name="getCategoryByIdMappingOUT0">
                            <source type="LITERAL">application/json</source>
                            <target type="HEADER">Content-Type</target>
                        </map>
                    </mappings>
                    <parameters>
                        <parameter name="budget_id" isRequired="true" style="URI_CONTEXT" dataType="String"/>
                        <parameter name="category_id" isRequired="true" style="URI_CONTEXT" dataType="String"/>
                    </parameters>
                    <responses>
                        <response name="get200getCategoryByIdResponse" code="200" messageFormatterType="application/octet+idataoref" builderType="application/json" documentRef="ynab_oauth.ynaboauthservice.doctypes:CategoryResponse" excludeRoot="true" dimension="0"/>
                        <response name="get404getCategoryByIdResponse" code="404" messageFormatterType="application/octet+idataoref" builderType="application/json" documentRef="ynab_oauth.ynaboauthservice.doctypes:ErrorResponse" excludeRoot="true" dimension="0"/>
                        <response name="getdefaultgetCategoryByIdResponse" code="405-599" messageFormatterType="application/octet+idataoref" builderType="application/json" documentRef="ynab_oauth.ynaboauthservice.doctypes:ErrorResponse" excludeRoot="true" dimension="0"/>
                    </responses>
                </resource>
                <resource method="GET" path="/budgets/{budget_id}" type="SIMPLE" name="getBudgetById" displayName="Single budget">
                    <description>Returns a single budget with all related entities.  This resource is effectively a full budget export.</description>
                    <mappings>
                        <map context="OUT" name="getBudgetByIdMappingOUT0">
                            <source type="LITERAL">application/json</source>
                            <target type="HEADER">Content-Type</target>
                        </map>
                    </mappings>
                    <parameters>
                        <parameter name="budget_id" isRequired="true" style="URI_CONTEXT" dataType="String"/>
                        <parameter name="last_knowledge_of_server" style="QUERYSTRING_PARAM" dataType="String"/>
                    </parameters>
                    <responses>
                        <response name="get200getBudgetByIdResponse" code="200" messageFormatterType="application/octet+idataoref" builderType="application/json" documentRef="ynab_oauth.ynaboauthservice.doctypes:BudgetDetailResponse" excludeRoot="true" dimension="0"/>
                        <response name="get404getBudgetByIdResponse" code="404" messageFormatterType="application/octet+idataoref" builderType="application/json" documentRef="ynab_oauth.ynaboauthservice.doctypes:ErrorResponse" excludeRoot="true" dimension="0"/>
                        <response name="getdefaultgetBudgetByIdResponse" code="405-599" messageFormatterType="application/octet+idataoref" builderType="application/json" documentRef="ynab_oauth.ynaboauthservice.doctypes:ErrorResponse" excludeRoot="true" dimension="0"/>
                    </responses>
                </resource>
                <resource method="GET" path="/budgets/{budget_id}/transactions/{transaction_id}" type="SIMPLE" name="getTransactionById" displayName="Single transaction">
                    <description>Returns a single transaction</description>
                    <mappings>
                        <map context="OUT" name="getTransactionByIdMappingOUT0">
                            <source type="LITERAL">application/json</source>
                            <target type="HEADER">Content-Type</target>
                        </map>
                    </mappings>
                    <parameters>
                        <parameter name="budget_id" isRequired="true" style="URI_CONTEXT" dataType="String"/>
                        <parameter name="transaction_id" isRequired="true" style="URI_CONTEXT" dataType="String"/>
                    </parameters>
                    <responses>
                        <response name="get200getTransactionByIdResponse" code="200" messageFormatterType="application/octet+idataoref" builderType="application/json" documentRef="ynab_oauth.ynaboauthservice.doctypes:TransactionResponse" excludeRoot="true" dimension="0"/>
                        <response name="get404getTransactionByIdResponse" code="404" messageFormatterType="application/octet+idataoref" builderType="application/json" documentRef="ynab_oauth.ynaboauthservice.doctypes:ErrorResponse" excludeRoot="true" dimension="0"/>
                        <response name="getdefaultgetTransactionByIdResponse" code="405-599" messageFormatterType="application/octet+idataoref" builderType="application/json" documentRef="ynab_oauth.ynaboauthservice.doctypes:ErrorResponse" excludeRoot="true" dimension="0"/>
                    </responses>
                </resource>
                <resource method="PUT" path="/budgets/{budget_id}/transactions/{transaction_id}" type="SIMPLE" name="updateTransaction" displayName="Updates an existing transaction">
                    <description>Updates a single transaction</description>
                    <mappings>
                        <map context="OUT" name="updateTransactionMappingOUT0">
                            <source type="LITERAL">application/json</source>
                            <target type="HEADER">Content-Type</target>
                        </map>
                    </mappings>
                    <parameters>
                        <parameter name="budget_id" isRequired="true" style="URI_CONTEXT" dataType="String"/>
                        <parameter name="transaction_id" isRequired="true" style="URI_CONTEXT" dataType="String"/>
                    </parameters>
                    <request name="data" messageFormatterType="application/json" builderType="application/octet+idataoref" documentRef="ynab_oauth.ynaboauthservice.doctypes:SaveTransactionWrapper" dimension="0"/>
                    <responses>
                        <response name="put200updateTransactionResponse" code="200-299" messageFormatterType="application/octet+idataoref" builderType="application/json" documentRef="ynab_oauth.ynaboauthservice.doctypes:TransactionResponse" excludeRoot="true" dimension="0"/>
                        <response name="put400updateTransactionResponse" code="400-499" messageFormatterType="application/octet+idataoref" builderType="application/json" documentRef="ynab_oauth.ynaboauthservice.doctypes:ErrorResponse" excludeRoot="true" dimension="0"/>
                    </responses>
                </resource>
                <resource method="POST" path="/budgets/{budget_id}/transactions/bulk" type="SIMPLE" name="bulkCreateTransactions" displayName="Bulk create transactions">
                    <description>Creates multiple transactions.  Although this endpoint is still supported, it is recommended to use 'POST /budgets/{budget_id}/transactions' to create multiple transactions.</description>
                    <mappings>
                        <map context="OUT" name="bulkCreateTransactionsMappingOUT0">
                            <source type="LITERAL">application/json</source>
                            <target type="HEADER">Content-Type</target>
                        </map>
                    </mappings>
                    <parameters>
                        <parameter name="budget_id" isRequired="true" style="URI_CONTEXT" dataType="String"/>
                    </parameters>
                    <request name="transactions" messageFormatterType="application/json" builderType="application/octet+idataoref" documentRef="ynab_oauth.ynaboauthservice.doctypes:BulkTransactions" dimension="0"/>
                    <responses>
                        <response name="post201bulkCreateTransactionsResponse" code="200-299" messageFormatterType="application/octet+idataoref" builderType="application/json" documentRef="ynab_oauth.ynaboauthservice.doctypes:BulkResponse" excludeRoot="true" dimension="0"/>
                        <response name="post400bulkCreateTransactionsResponse" code="400-499" messageFormatterType="application/octet+idataoref" builderType="application/json" documentRef="ynab_oauth.ynaboauthservice.doctypes:ErrorResponse" excludeRoot="true" dimension="0"/>
                    </responses>
                </resource>
                <resource method="POST" path="/budgets/{budget_id}/accounts" type="SIMPLE" name="createAccount" displayName="Create a new account">
                    <description>Creates a new account</description>
                    <mappings>
                        <map context="OUT" name="createAccountMappingOUT0">
                            <source type="LITERAL">application/json</source>
                            <target type="HEADER">Content-Type</target>
                        </map>
                    </mappings>
                    <parameters>
                        <parameter name="budget_id" isRequired="true" style="URI_CONTEXT" dataType="String"/>
                    </parameters>
                    <request name="data" messageFormatterType="application/json" builderType="application/octet+idataoref" documentRef="ynab_oauth.ynaboauthservice.doctypes:SaveAccountWrapper" dimension="0"/>
                    <responses>
                        <response name="post201createAccountResponse" code="200-299" messageFormatterType="application/octet+idataoref" builderType="application/json" documentRef="ynab_oauth.ynaboauthservice.doctypes:AccountResponse" excludeRoot="true" dimension="0"/>
                        <response name="post400createAccountResponse" code="400-499" messageFormatterType="application/octet+idataoref" builderType="application/json" documentRef="ynab_oauth.ynaboauthservice.doctypes:ErrorResponse" excludeRoot="true" dimension="0"/>
                    </responses>
                </resource>
                <resource method="POST" path="/budgets/{budget_id}/transactions" type="SIMPLE" name="createTransaction" displayName="Create a single transaction or multiple transactions">
                    <description>Creates a single transaction or multiple transactions.  If you provide a body containing a `transaction` object, a single transaction will be created and if you provide a body containing a `transactions` array, multiple transactions will be created.  Scheduled transactions cannot be created on this endpoint.</description>
                    <mappings>
                        <map context="OUT" name="createTransactionMappingOUT0">
                            <source type="LITERAL">application/json</source>
                            <target type="HEADER">Content-Type</target>
                        </map>
                    </mappings>
                    <parameters>
                        <parameter name="budget_id" isRequired="true" style="URI_CONTEXT" dataType="String"/>
                    </parameters>
                    <request name="data" messageFormatterType="application/json" builderType="application/octet+idataoref" documentRef="ynab_oauth.ynaboauthservice.doctypes:SaveTransactionsWrapper" dimension="0"/>
                    <responses>
                        <response name="post201createTransactionResponse" code="200-299" messageFormatterType="application/octet+idataoref" builderType="application/json" documentRef="ynab_oauth.ynaboauthservice.doctypes:SaveTransactionsResponse" excludeRoot="true" dimension="0"/>
                        <response name="post400createTransactionResponse" code="400-499" messageFormatterType="application/octet+idataoref" builderType="application/json" documentRef="ynab_oauth.ynaboauthservice.doctypes:ErrorResponse" excludeRoot="true" dimension="0"/>
                    </responses>
                </resource>
                <resource method="POST" path="/budgets/{budget_id}/transactions/import" type="SIMPLE" name="importTransactions" displayName="Import transactions">
                    <description>Imports available transactions on all linked accounts for the given budget.  Linked accounts allow transactions to be imported directly from a specified financial institution and this endpoint initiates that import.  Sending a request to this endpoint is the equivalent of clicking "Import" on each account in the web application or tapping the "New Transactions" banner in the mobile applications.  The response for this endpoint contains the transaction ids that have been imported.</description>
                    <mappings>
                        <map context="OUT" name="importTransactionsMappingOUT0">
                            <source type="LITERAL">application/json</source>
                            <target type="HEADER">Content-Type</target>
                        </map>
                    </mappings>
                    <parameters>
                        <parameter name="budget_id" isRequired="true" style="URI_CONTEXT" dataType="String"/>
                    </parameters>
                    <request name="stream" messageFormatterType="vnd.sag.cloudstreams+binary" builderType="vnd.sag.cloudstreams+binary" dimension="0"/>
                    <responses>
                        <response name="post200importTransactionsResponse" code="200-299" messageFormatterType="application/octet+idataoref" builderType="application/json" documentRef="ynab_oauth.ynaboauthservice.doctypes:TransactionsImportResponse" excludeRoot="true" dimension="0"/>
                        <response name="post400importTransactionsResponse" code="400-499" messageFormatterType="application/octet+idataoref" builderType="application/json" documentRef="ynab_oauth.ynaboauthservice.doctypes:ErrorResponse" excludeRoot="true" dimension="0"/>
                    </responses>
                </resource>
                <resource method="PATCH" path="/budgets/{budget_id}/months/{month}/categories/{category_id}" type="SIMPLE" name="updateMonthCategory" displayName="Update a category for a specific month">
                    <description>Update a category for a specific month.  Only `budgeted` amount can be updated.</description>
                    <mappings>
                        <map context="OUT" name="updateMonthCategoryMappingOUT0">
                            <source type="LITERAL">application/json</source>
                            <target type="HEADER">Content-Type</target>
                        </map>
                    </mappings>
                    <parameters>
                        <parameter name="budget_id" isRequired="true" style="URI_CONTEXT" dataType="String"/>
                        <parameter name="month" isRequired="true" style="URI_CONTEXT" dataType="String"/>
                        <parameter name="category_id" isRequired="true" style="URI_CONTEXT" dataType="String"/>
                    </parameters>
                    <request name="data" messageFormatterType="application/json" builderType="application/octet+idataoref" documentRef="ynab_oauth.ynaboauthservice.doctypes:SaveMonthCategoryWrapper" dimension="0"/>
                    <responses>
                        <response name="patch200updateMonthCategoryResponse" code="200-299" messageFormatterType="application/octet+idataoref" builderType="application/json" documentRef="ynab_oauth.ynaboauthservice.doctypes:SaveCategoryResponse" excludeRoot="true" dimension="0"/>
                        <response name="patch400updateMonthCategoryResponse" code="400-499" messageFormatterType="application/octet+idataoref" builderType="application/json" documentRef="ynab_oauth.ynaboauthservice.doctypes:ErrorResponse" excludeRoot="true" dimension="0"/>
                    </responses>
                </resource>
                <resource method="GET" path="/budgets" type="SIMPLE" name="getBudgets" displayName="List budgets">
                    <description>Returns budgets list with summary information</description>
                    <mappings>
                        <map context="OUT" name="getBudgetsMappingOUT0">
                            <source type="LITERAL">application/json</source>
                            <target type="HEADER">Content-Type</target>
                        </map>
                    </mappings>
                    <parameters>
                        <parameter name="include_accounts" style="QUERYSTRING_PARAM" dataType="String"/>
                    </parameters>
                    <responses>
                        <response name="get200getBudgetsResponse" code="200" messageFormatterType="application/octet+idataoref" builderType="application/json" documentRef="ynab_oauth.ynaboauthservice.doctypes:BudgetSummaryResponse" excludeRoot="true" dimension="0"/>
                        <response name="get404getBudgetsResponse" code="400-404" messageFormatterType="application/octet+idataoref" builderType="application/json" documentRef="ynab_oauth.ynaboauthservice.doctypes:ErrorResponse" excludeRoot="true" dimension="0"/>
                        <response name="getdefaultgetBudgetsResponse" code="405-599" messageFormatterType="application/octet+idataoref" builderType="application/json" documentRef="ynab_oauth.ynaboauthservice.doctypes:ErrorResponse" excludeRoot="true" dimension="0"/>
                    </responses>
                </resource>
                <resource method="GET" path="/budgets/{budget_id}/transactions" type="SIMPLE" name="getTransactions" displayName="List transactions">
                    <description>Returns budget transactions</description>
                    <mappings>
                        <map context="OUT" name="getTransactionsMappingOUT0">
                            <source type="LITERAL">application/json</source>
                            <target type="HEADER">Content-Type</target>
                        </map>
                    </mappings>
                    <parameters>
                        <parameter name="budget_id" isRequired="true" style="URI_CONTEXT" dataType="String"/>
                        <parameter name="since_date" style="QUERYSTRING_PARAM" dataType="String"/>
                        <parameter name="type" style="QUERYSTRING_PARAM" dataType="String"/>
                        <parameter name="last_knowledge_of_server" style="QUERYSTRING_PARAM" dataType="String"/>
                    </parameters>
                    <responses>
                        <response name="get200getTransactionsResponse" code="200" messageFormatterType="application/octet+idataoref" builderType="application/json" documentRef="ynab_oauth.ynaboauthservice.doctypes:TransactionsResponse" excludeRoot="true" dimension="0"/>
                        <response name="get400getTransactionsResponse" code="400-599" messageFormatterType="application/octet+idataoref" builderType="application/json" documentRef="ynab_oauth.ynaboauthservice.doctypes:ErrorResponse" excludeRoot="true" dimension="0"/>
                    </responses>
                </resource>
                <resource method="PATCH" path="/budgets/{budget_id}/transactions" type="SIMPLE" name="updateTransactions" displayName="Update multiple transactions">
                    <description>Updates multiple transactions, by `id` or `import_id`.</description>
                    <mappings>
                        <map context="OUT" name="updateTransactionsMappingOUT0">
                            <source type="LITERAL">application/json</source>
                            <target type="HEADER">Content-Type</target>
                        </map>
                    </mappings>
                    <parameters>
                        <parameter name="budget_id" isRequired="true" style="URI_CONTEXT" dataType="String"/>
                    </parameters>
                    <request name="UpdateTransactionsWrapper" messageFormatterType="application/json" builderType="application/octet+idataoref" documentRef="ynab_oauth.ynaboauthservice.doctypes:UpdateTransactionsWrapper" excludeRoot="true" dimension="0"/>
                    <responses>
                        <response name="patch209updateTransactionsResponse" code="200-299" messageFormatterType="application/octet+idataoref" builderType="application/json" documentRef="ynab_oauth.ynaboauthservice.doctypes:SaveTransactionsResponse" excludeRoot="true" dimension="0"/>
                        <response name="patch400updateTransactionsResponse" code="400-499" messageFormatterType="application/octet+idataoref" builderType="application/json" documentRef="ynab_oauth.ynaboauthservice.doctypes:ErrorResponse" excludeRoot="true" dimension="0"/>
                    </responses>
                </resource>
            </resources>
        </service>
    </services>
</rest-connector>
